{
  "LinearRegression": {
    "rmse": 6836.004585522901,
    "mae": 2792.952737268382,
    "r2": 0.9948792404305334
  },
  "RandomForest": {
    "rmse": 7508.684005136824,
    "mae": 3041.1217635450857,
    "r2": 0.9938218656206068
  },
  "XGBoost": {
    "rmse": 8150.698129608285,
    "mae": 3337.785888671875,
    "r2": 0.9927201867103577
  },
  "LightGBM": {
    "rmse": 7984.80014080624,
    "mae": 3269.792625040491,
    "r2": 0.9930135300566737
  }
}